/*These tables came pre-loaded with a few values. We want to drop the single 
values without cascading into foreign key checks.*/
SET FOREIGN_KEY_CHECKS=0;
DELETE FROM BoxUse WHERE alias='Libraries';
DELETE FROM SampleClass WHERE alias='Slide';
DELETE FROM ReferenceGenome WHERE alias='Unknown';
SET FOREIGN_KEY_CHECKS=1;

-- Add sample data
INSERT INTO `BoxUse` (`boxUseId`, `alias`) VALUES (1,'DNA'),(7,'Libraries'),(2,'RNA'),(4,'Sequencing'),(8,'Slides'),(6,'Storage'),(3,'Tissue');
INSERT INTO `TissueOrigin` (`tissueOriginId`, `alias`, `description`, `createdBy`, `creationDate`, `updatedBy`, `lastUpdated`) VALUES (1,'Ad','Adipose',1,'2016-09-26 15:55:43',1,'2016-09-26 15:55:43'),(2,'Ap','Appendix',1,'2016-09-26 15:55:43',1,'2016-09-26 15:55:43'),(3,'Ag','Adrenal Gland',1,'2016-09-26 15:55:43',1,'2016-09-26 15:55:43'),(4,'Bm','Bone Marrow',1,'2016-09-26 15:55:43',1,'2016-09-26 15:55:43'),(5,'Bn','Brain',1,'2016-09-26 15:55:43',1,'2016-09-26 15:55:43'),(6,'Br','Breast',1,'2016-09-26 15:55:43',1,'2016-09-26 15:55:43'),(7,'Bu','Buccal Cells',1,'2016-09-26 15:55:43',1,'2016-09-26 15:55:43'),(8,'Cb','Cord Blood',1,'2016-09-26 15:55:43',1,'2016-09-26 15:55:43'),(9,'Cn','Central Nervous System',1,'2016-09-26 15:55:43',1,'2016-09-26 15:55:43'),(10,'Du','Duodenum',1,'2016-09-26 15:55:43',1,'2016-09-26 15:55:43'),(11,'Es','Esophagus',1,'2016-09-26 15:55:43',1,'2016-09-26 15:55:43'),(12,'Fs','Foreskin',1,'2016-09-26 15:55:43',1,'2016-09-26 15:55:43'),(13,'Gb','Gallbladder',1,'2016-09-26 15:55:43',1,'2016-09-26 15:55:43'),(14,'Hr','Heart',1,'2016-09-26 15:55:43',1,'2016-09-26 15:55:43'),(15,'Ki','Kidney',1,'2016-09-26 15:55:43',1,'2016-09-26 15:55:43'),(16,'Le','Leukocyte',1,'2016-09-26 15:55:43',1,'2016-09-26 15:55:43'),(17,'Li','Large Intestine',1,'2016-09-26 15:55:43',1,'2016-09-26 15:55:43'),(18,'Ln','Lymph Node',1,'2016-09-26 15:55:43',1,'2016-09-26 15:55:43'),(19,'Lu','Lung',1,'2016-09-26 15:55:43',1,'2016-09-26 15:55:43'),(20,'Lv','Liver',1,'2016-09-26 15:55:43',1,'2016-09-26 15:55:43'),(21,'Lx','Larynx',1,'2016-09-26 15:55:43',1,'2016-09-26 15:55:43'),(22,'Ly','Lymphocyte',1,'2016-09-26 15:55:43',1,'2016-09-26 15:55:43'),(23,'Md','Mediastinum',1,'2016-09-26 15:55:43',1,'2016-09-26 15:55:43'),(24,'Me','Mesenchyme',1,'2016-09-26 15:55:43',1,'2016-09-26 15:55:43'),(25,'Nk','Neck',1,'2016-09-26 15:55:43',1,'2016-09-26 15:55:43'),(26,'Oc','Oral Cavity',1,'2016-09-26 15:55:43',1,'2016-09-26 15:55:43'),(27,'Om','Omentum',1,'2016-09-26 15:55:43',1,'2016-09-26 15:55:43'),(28,'Ov','Ovary',1,'2016-09-26 15:55:43',1,'2016-09-26 15:55:43'),(29,'Pa','Pancreas',1,'2016-09-26 15:55:43',1,'2016-09-26 15:55:43'),(30,'Pb','Peripheral Blood',1,'2016-09-26 15:55:43',1,'2016-09-26 15:55:43'),(31,'Pr','Prostate',1,'2016-09-26 15:55:43',1,'2016-09-26 15:55:43'),(32,'Sa','Saliva',1,'2016-09-26 15:55:43',1,'2016-09-26 15:55:43'),(33,'Sg','Salivary Gland',1,'2016-09-26 15:55:43',1,'2016-09-26 15:55:43'),(34,'Si','Small Intestine',1,'2016-09-26 15:55:43',1,'2016-09-26 15:55:43'),(35,'Sk','Skin',1,'2016-09-26 15:55:43',1,'2016-09-26 15:55:43'),(36,'Sm','Skeletal Muscle',1,'2016-09-26 15:55:43',1,'2016-09-26 15:55:43'),(37,'Sp','Spleen',1,'2016-09-26 15:55:43',1,'2016-09-26 15:55:43'),(38,'St','Stomach',1,'2016-09-26 15:55:43',1,'2016-09-26 15:55:43'),(39,'Ta','Tail (Referring to Models)',1,'2016-09-26 15:55:43',1,'2016-09-26 15:55:43'),(40,'Tr','Trachea',1,'2016-09-26 15:55:43',1,'2016-09-26 15:55:43'),(41,'Mu','Muscle',1,'2016-09-26 15:55:43',1,'2016-09-26 15:55:43'),(42,'Wm','Worm (Referring to Models)',1,'2016-09-26 15:55:43',1,'2016-09-26 15:55:43'),(43,'nn','Unknown',1,'2016-09-26 15:55:43',1,'2016-09-26 15:55:43'),(44,'As','Ascites Fluid',1,'2016-10-11 20:12:54',1,'2016-10-11 20:12:54'),(45,'Ce','Cervix',1,'2016-11-29 20:16:55',1,'2016-11-29 20:16:55'),(46,'Th','Thymus',1,'2016-11-29 20:16:55',1,'2016-11-29 20:16:55'),(47,'Mo','Mouth',1,'2016-12-13 23:05:28',1,'2016-12-13 23:05:28'),(48,'Np','Nasopharynx',1,'2016-12-13 23:05:28',1,'2016-12-13 23:05:28'),(49,'To','Throat',1,'2016-12-13 23:05:28',1,'2016-12-13 23:05:28'),(50,'Hp','Hypopharynx',1,'2016-12-13 23:05:28',1,'2016-12-13 23:05:28'),(51,'Pn','Peripheral Nerve',1,'2016-12-13 23:05:28',1,'2016-12-13 23:05:28'),(52,'Um','Umbilical Cord',1,'2016-12-13 23:05:28',1,'2016-12-13 23:05:28'),(53,'Ct','Circulating Tumour Cells',1,'2017-04-25 21:18:47',1,'2017-04-25 21:18:47'),(54,'Pl','Plasma',1,'2017-04-25 21:18:47',1,'2017-04-25 21:18:47'),(55,'Se','Serum',1,'2017-04-25 21:18:47',1,'2017-04-25 21:18:47'),(56,'Ab','Abdomen',1,'2017-05-12 19:50:48',1,'2017-05-12 19:50:48'),(57,'Bd','Bile Duct',1,'2017-06-09 19:41:28',1,'2017-06-09 19:41:28'),(58,'Co','Colon',1,'2017-06-09 19:41:28',1,'2017-06-09 19:41:28'),(59,'Pt','Palate',1,'2017-06-09 19:41:28',1,'2017-06-09 19:41:28'),(64,'Bo','Bone',1,'2017-07-21 16:33:21',1,'2017-07-21 16:33:21'),(65,'Fa','Fallopian Tube',1,'2017-07-21 16:33:21',1,'2017-07-21 16:33:21'),(66,'So','Soft Tissue',1,'2017-07-21 16:33:21',1,'2017-07-21 16:33:21'),(67,'Ut','Uterus',1,'2017-07-21 16:33:22',1,'2017-07-21 16:33:22'),(68,'Bl','Bladder',1,'2017-07-25 17:51:39',1,'2017-07-25 17:51:39'),(69,'Cc','Cecum',1,'2017-07-25 17:51:39',1,'2017-07-25 17:51:39'),(70,'Ch','Chest Wall',1,'2017-07-25 17:51:39',1,'2017-07-25 17:51:39'),(71,'Mx','Maxilla',1,'2017-07-25 17:51:39',1,'2017-07-25 17:51:39'),(72,'Pe','Pelvic',1,'2017-07-25 17:51:39',1,'2017-07-25 17:51:39'),(73,'Pg','Parotid gland',1,'2017-07-25 17:51:39',1,'2017-07-25 17:51:39'),(74,'Pm','Peritoneum',1,'2017-07-25 17:51:39',1,'2017-07-25 17:51:39'),(75,'Sb','Small Bowel',1,'2017-07-25 17:51:39',1,'2017-07-25 17:51:39'),(76,'Te','Testes',1,'2017-07-25 17:51:39',1,'2017-07-25 17:51:39'),(77,'Ty','Thyroid',1,'2017-07-25 17:51:39',1,'2017-07-25 17:51:39'),(78,'Vg','Vagina',1,'2017-07-25 17:51:40',1,'2017-07-25 17:51:40'),(79,'Bi','Biliary',1,'2017-07-28 13:20:23',1,'2017-07-28 13:20:23'),(80,'En','Endometrial',1,'2017-07-28 13:20:23',1,'2017-07-28 13:20:23'),(81,'Cr','Colorectal',1,'2017-07-28 13:20:24',1,'2017-07-28 13:20:24'),(82,'Sr','Serosa',1,'2017-07-28 13:20:24',1,'2017-07-28 13:20:24'),(83,'Ax','Axillary',1,'2017-09-21 18:34:41',1,'2017-09-21 18:34:41'),(84,'Ba','Back',1,'2017-09-21 18:34:41',1,'2017-09-21 18:34:41'),(85,'Pu','Pleura',1,'2017-09-21 18:34:41',1,'2017-09-21 18:34:41'),(86,'Ur','Urethra',1,'2017-10-31 14:21:40',1,'2017-10-31 14:21:40'),(87,'Tn','Tonsil',1,'2017-10-31 14:21:40',1,'2017-10-31 14:21:40'),(88,'Ge','Gastroesophageal Junction',1,'2017-11-08 14:33:11',1,'2017-11-08 14:33:11'),(89,'Pi','Penis',1,'2017-11-08 14:33:11',1,'2017-11-08 14:33:11'),(90,'Fb','Fibroid',1,'2017-11-08 14:33:12',1,'2017-11-08 14:33:12'),(91,'Sn','Spine',1,'2017-11-16 15:34:18',1,'2017-11-16 15:34:18'),(92,'An','Anus',1,'2017-12-06 15:31:50',1,'2017-12-06 15:31:50'),(93,'Re','Rectum',1,'2018-01-11 15:36:14',1,'2018-01-11 15:36:14'),(94,'Gi','Gastrointestinal stromal',1,'2018-01-11 15:36:15',1,'2018-01-11 15:36:15'),(95,'Us','Urine Supernatant',1,'2018-01-17 15:17:54',1,'2018-01-17 15:17:54'),(96,'Up','Urine Pellet',1,'2018-01-17 15:17:55',1,'2018-01-17 15:17:55'),(97,'Po','Peri-aorta',1,'2018-01-30 21:10:16',1,'2018-01-30 21:10:16'),(98,'Gn','Gingiva',1,'2018-01-30 21:10:17',1,'2018-01-30 21:10:17'),(99,'Tg','Thymic Gland',1,'2018-03-01 15:27:20',1,'2018-03-01 15:27:20'),(100,'Ms','Mesentary',1,'2018-03-01 15:27:20',1,'2018-03-01 15:27:20'),(101,'Ri','Rib',1,'2018-03-01 15:27:20',1,'2018-03-01 15:27:20'),(102,'Gj','Gastrojejunal',1,'2018-03-27 20:46:56',1,'2018-03-27 20:46:56'),(103,'Pc','Pancreatobiliary',1,'2018-04-16 17:03:26',1,'2018-04-16 17:03:26'),(104,'Cf','Cell-Free DNA',1,'2018-04-18 18:00:16',1,'2018-04-18 18:00:16'),(105,'Ph ','Paratracheal',1,'2018-04-23 16:57:27',1,'2018-04-23 16:57:27'),(106,'Rp','Retroperitoneum',1,'2018-04-23 16:57:27',1,'2018-08-27 15:14:07'),(107,'Ae','Adnexa',1,'2018-04-24 16:31:51',1,'2018-04-24 16:31:51'),(108,'Bw','Bowel',1,'2018-05-16 21:23:29',1,'2018-05-16 21:23:29'),(109,'At','Astrocytoma',1,'2018-05-16 21:23:29',1,'2018-05-16 21:23:29'),(110,'Ra','Right Adnexa',1,'2018-06-13 19:28:54',1,'2018-06-13 19:28:54'),(111,'Vu','Vulva',1,'2018-06-25 20:21:31',1,'2018-06-25 20:21:31'),(112,'Ue','Ureter',1,'2018-06-25 20:24:37',1,'2018-06-25 20:24:37'),(113,'Uc','Urachus',1,'2018-08-10 19:19:31',1,'2018-08-10 19:19:31'),(114,'Su','Sternum',1,'2018-09-28 16:38:54',1,'2018-09-28 16:38:54'),(115,'Rc','Rectosigmoid',1,'2018-09-28 16:53:27',1,'2018-09-28 16:53:27'),(116,'Sc','Scalp',1,'2018-09-28 16:53:27',1,'2018-09-28 16:53:27'),(117,'Ga','Gastric Margin',1,'2018-09-28 16:53:27',1,'2018-09-28 16:53:27'),(118,'Ep','Epidural mass',1,'2018-09-28 16:53:27',1,'2018-09-28 16:53:27'),(119,'Lg','Leg',1,'2018-10-18 14:51:31',1,'2018-10-18 14:51:31'),(120,'Ck','Cheek',1,'2018-10-18 14:51:31',1,'2018-10-18 14:51:31'),(121,'Ss','Sinus',1,'2018-10-18 14:51:31',1,'2018-10-18 14:51:31'),(122,'Ic','ileocecum',1,'2018-11-22 22:19:35',1,'2018-11-22 22:19:35'),(123,'Py','periampullary',1,'2018-11-22 22:19:35',1,'2018-11-22 22:19:35'),(124,'Ao','Anorectal',1,'2018-12-11 16:49:28',1,'2018-12-11 16:49:28'),(125,'Di','Diaphragm',1,'2019-01-22 17:43:44',1,'2019-01-22 17:43:44'),(126,'Il','Ileum',1,'2019-01-22 17:56:50',1,'2019-01-22 17:56:50'),(127,'Or','Orbit',1,'2019-02-04 18:27:25',1,'2019-02-04 18:27:25'),(128,'La','Lacrimal Sac',1,'2019-02-04 18:27:25',1,'2019-02-04 18:27:25'),(129,'Cj','Conjunctiva',1,'2019-02-04 18:27:25',1,'2019-02-04 18:27:25'),(130,'Tu','Tongue',1,'2019-02-04 18:27:25',1,'2019-02-04 18:27:25'),(131,'No','Nose',1,'2019-02-05 22:01:48',1,'2019-02-05 22:01:48'),(132,'Cs','Cul-de-sac',1,'2019-02-27 16:31:25',1,'2019-02-27 16:31:25'),(133,'Gt','Genital Tract',1,'2019-02-27 16:31:25',1,'2019-02-27 16:31:25');
INSERT INTO `TissueType` (`tissueTypeId`, `alias`, `description`, `createdBy`, `creationDate`, `updatedBy`, `lastUpdated`, `sampleTypeName`) VALUES (1,'R','Reference or non-tumour, non-diseased tissue sample. Typically used as a donor-specific comparison to a diseased tissue, usually a cancer',1,'2016-09-26 15:55:43',1,'2016-09-26 15:55:43','Reference Tissue'),(2,'P','Primary tumour',1,'2016-09-26 15:55:43',1,'2016-09-26 15:55:43','Primary Tumor Tissue'),(3,'M','Metastatic tumour',1,'2016-09-26 15:55:43',1,'2016-09-26 15:55:43','Metastatic Tumor Tissue'),(4,'X','Xenograft derived from some tumour. Note: may not necessarily be a mouse xenograft',1,'2016-09-26 15:55:43',1,'2016-09-26 15:55:43','Xenograft Tissue'),(5,'T','Unclassifed tumour',1,'2016-09-26 15:55:43',1,'2016-09-26 15:55:43',NULL),(6,'C','Cell line derived from a tumour',1,'2016-09-26 15:55:43',1,'2016-09-26 15:55:43','Cell Line'),(7,'B','Benign tumour',1,'2016-09-26 15:55:43',1,'2016-09-26 15:55:43','Reference Tissue'),(8,'F','Fibroblast cells',1,'2016-09-26 15:55:43',1,'2016-09-26 15:55:43',NULL),(9,'E','Endothelial cells',1,'2016-09-26 15:55:43',1,'2016-09-26 15:55:43',NULL),(10,'S','Serum from blood where clotting proteins have been removed',1,'2016-09-26 15:55:43',1,'2016-09-26 15:55:43','Primary Tumor Tissue'),(11,'A','Cells taken from Ascites fluid',1,'2016-09-26 15:55:43',1,'2016-09-26 15:55:43','Primary Tumor Tissue'),(12,'O','Organoid',1,'2016-09-26 15:55:43',1,'2016-09-26 15:55:43','Primary Tumor Tissue'),(13,'U','Unspecified',1,'2017-03-23 22:01:22',1,'2017-03-23 22:01:22','Unspecified Tissue'),(14,'n','Unknown',1,'2017-05-29 20:02:03',1,'2017-05-29 20:02:03',NULL);
INSERT INTO `TissueMaterial` (`tissueMaterialId`, `alias`, `createdBy`, `creationDate`, `updatedBy`, `lastUpdated`) VALUES (1,'Fresh Frozen',1,'2016-09-26 15:55:43',1,'2016-09-26 15:55:43'),(2,'FFPE',1,'2016-09-26 15:55:43',1,'2016-09-26 15:55:43'),(3,'Blood',1,'2016-09-26 15:55:43',1,'2016-09-26 15:55:43');
INSERT INTO `SamplePurpose` (`samplePurposeId`, `alias`, `createdBy`, `creationDate`, `updatedBy`, `lastUpdated`, `archived`) VALUES (1,'CNV',1,'2016-09-26 15:55:43',1,'2016-09-26 15:55:43',0),(2,'Extra',1,'2016-09-26 15:55:43',1,'2016-09-26 15:55:43',0),(3,'Library',1,'2016-09-26 15:55:43',1,'2016-09-26 15:55:43',0),(4,'Methylation',1,'2016-09-26 15:55:43',1,'2016-09-26 15:55:43',0),(5,'PacBio',1,'2016-09-26 15:55:43',1,'2016-09-26 15:55:43',0),(6,'Research',1,'2016-09-26 15:55:43',1,'2016-09-26 15:55:43',0),(7,'Sequenom',1,'2016-09-26 15:55:43',1,'2016-09-26 15:55:43',0),(8,'Stock',1,'2016-09-26 15:55:43',1,'2016-09-26 15:55:43',0),(9,'Validation',1,'2016-09-26 15:55:43',1,'2016-09-26 15:55:43',0),(10,'WGA',1,'2016-09-26 15:55:43',1,'2016-09-26 15:55:43',0),(11,'Ion Torrent',1,'2016-11-08 21:32:51',1,'2016-11-08 21:32:51',0);
INSERT INTO `SampleClass` (`sampleClassId`, `alias`, `sampleCategory`, `suffix`, `createdBy`, `creationDate`, `updatedBy`, `lastUpdated`, `dnaseTreatable`, `archived`, `directCreationAllowed`) VALUES (1,'Identity','Identity',NULL,1,'2016-09-26 15:55:44',1,'2016-09-26 15:55:44',0,0,1),(8,'Curls','Tissue Processing','C',1,'2016-09-26 15:55:44',1,'2016-09-26 15:55:44',0,0,1),(10,'LCM Tube','Tissue Processing','LCM',1,'2016-09-26 15:55:44',1,'2016-09-26 15:55:44',0,0,1),(11,'gDNA (stock)','Stock','D_S',1,'2016-09-26 15:55:44',1,'2016-09-26 15:55:44',0,0,1),(12,'gDNA_wga (stock)','Stock','D_S',1,'2016-09-26 15:55:44',1,'2016-09-26 15:55:44',0,0,1),(13,'whole RNA (stock)','Stock','R_S',1,'2016-09-26 15:55:44',1,'2016-09-26 15:55:44',1,0,1),(14,'cDNA (stock)','Stock','D_S',1,'2016-09-26 15:55:44',1,'2016-09-26 15:55:44',0,0,1),(15,'gDNA (aliquot)','Aliquot','D_',1,'2016-09-26 15:55:44',1,'2016-09-26 15:55:44',0,0,1),(16,'gDNA_wga (aliquot)','Aliquot','D_',1,'2016-09-26 15:55:44',1,'2016-09-26 15:55:44',0,0,1),(17,'whole RNA (aliquot)','Aliquot','R_',1,'2016-09-26 15:55:44',1,'2018-08-07 14:21:09',0,0,1),(18,'smRNA','Aliquot','SM_',1,'2016-09-26 15:55:44',1,'2016-09-26 15:55:44',0,1,1),(19,'mRNA','Aliquot','MR_',1,'2016-09-26 15:55:44',1,'2016-09-26 15:55:44',0,1,1),(20,'rRNA_depleted','Aliquot','WT_',1,'2016-09-26 15:55:44',1,'2016-09-26 15:55:44',0,1,1),(21,'cDNA (aliquot)','Aliquot','D_',1,'2016-09-26 15:55:44',1,'2016-09-26 15:55:44',0,0,1),(23,'Tissue','Tissue',NULL,1,'2017-05-29 20:01:44',1,'2017-05-29 20:01:44',0,0,1),(24,'Slide','Tissue Processing','SL',1,'2017-06-09 17:59:19',1,'2017-06-09 17:59:19',0,0,1),(25,'Unknown (stock)','Stock','n_S',1,'2018-08-02 15:24:33',1,'2018-08-02 15:24:33',0,0,0),(26,'Unknown (aliquot)','Aliquot','n_',1,'2018-08-02 15:24:33',1,'2018-08-02 15:24:33',0,0,0),(27,'Single Cell','Tissue Processing','SC',1,'2018-09-11 18:42:07',1,'2018-09-11 18:42:07',0,0,1),(28,'Single Cell DNA (stock)','Stock','D_S',1,'2018-09-11 18:42:07',1,'2018-09-11 18:42:07',0,0,1),(29,'Single Cell DNA (aliquot)','Aliquot','D_',1,'2018-09-11 18:42:07',1,'2018-09-11 18:42:07',0,0,1);
INSERT INTO `SampleValidRelationship` (`sampleValidRelationshipId`, `parentId`, `childId`, `createdBy`, `creationDate`, `updatedBy`, `lastUpdated`, `archived`) VALUES (23,8,11,1,'2016-09-26 15:55:44',1,'2016-09-26 15:55:44',0),(24,10,11,1,'2016-09-26 15:55:44',1,'2016-09-26 15:55:44',0),(25,10,13,1,'2016-09-26 15:55:44',1,'2016-09-26 15:55:44',0),(26,11,11,1,'2016-09-26 15:55:44',1,'2016-09-26 15:55:44',0),(27,11,12,1,'2016-09-26 15:55:44',1,'2016-09-26 15:55:44',0),(28,11,15,1,'2016-09-26 15:55:44',1,'2016-09-26 15:55:44',0),(29,12,12,1,'2016-09-26 15:55:44',1,'2016-09-26 15:55:44',0),(30,12,16,1,'2016-09-26 15:55:44',1,'2016-09-26 15:55:44',0),(31,13,13,1,'2016-09-26 15:55:44',1,'2016-09-26 15:55:44',0),(32,13,14,1,'2016-09-26 15:55:44',1,'2016-09-26 15:55:44',0),(33,13,17,1,'2016-09-26 15:55:44',1,'2018-08-07 14:21:09',0),(34,14,14,1,'2016-09-26 15:55:44',1,'2016-09-26 15:55:44',0),(35,14,21,1,'2016-09-26 15:55:44',1,'2016-09-26 15:55:44',0),(36,17,18,1,'2016-09-26 15:55:44',1,'2018-08-07 14:21:09',1),(37,17,19,1,'2016-09-26 15:55:44',1,'2018-08-07 14:21:09',1),(38,17,20,1,'2016-09-26 15:55:44',1,'2018-08-07 14:21:09',1),(59,13,20,1,'2016-09-26 15:55:46',1,'2018-08-07 14:21:09',1),(60,13,18,1,'2016-09-27 20:44:05',1,'2018-08-07 14:21:09',1),(61,13,19,1,'2016-09-27 20:44:05',1,'2018-08-07 14:21:09',1),(62,11,16,1,'2016-10-11 20:12:54',1,'2016-10-11 20:12:54',1),(63,13,21,1,'2016-10-11 20:12:54',1,'2016-10-11 20:12:54',1),(64,15,16,1,'2016-10-25 20:50:33',1,'2016-10-25 20:50:33',1),(67,15,15,1,'2016-11-15 21:14:46',1,'2016-11-15 21:14:46',1),(69,8,13,1,'2016-12-13 23:05:28',1,'2016-12-13 23:05:28',0),(77,1,23,1,'2017-05-29 20:01:47',1,'2017-05-29 20:01:47',0),(84,23,8,1,'2017-05-29 20:01:47',1,'2017-05-29 20:01:47',0),(86,23,10,1,'2017-05-29 20:01:47',1,'2017-05-29 20:01:47',1),(87,23,11,1,'2017-05-29 20:01:47',1,'2017-05-29 20:01:47',0),(88,23,12,1,'2017-05-29 20:01:47',1,'2017-05-29 20:01:47',0),(89,23,13,1,'2017-05-29 20:01:47',1,'2017-05-29 20:01:47',0),(90,23,14,1,'2017-05-29 20:01:47',1,'2017-05-29 20:01:47',0),(92,23,23,1,'2017-05-29 20:01:47',1,'2017-05-29 20:01:47',0),(93,24,10,1,'2016-09-26 15:55:44',1,'2017-06-09 17:59:19',0),(94,24,11,1,'2016-12-20 18:36:34',1,'2017-06-09 17:59:19',0),(95,24,13,1,'2016-12-20 18:36:34',1,'2017-06-09 17:59:19',0),(96,23,24,1,'2017-05-29 20:01:47',1,'2017-06-09 17:59:19',0),(97,23,25,1,'2018-08-02 15:24:33',1,'2018-08-02 15:24:33',0),(98,25,26,1,'2018-08-02 15:24:33',1,'2018-08-02 15:24:33',0),(99,23,27,1,'2018-09-11 18:42:07',1,'2018-09-11 18:42:07',0),(100,27,28,1,'2018-09-11 18:42:07',1,'2018-09-11 18:42:07',0),(101,28,29,1,'2018-09-11 18:42:07',1,'2018-09-11 18:42:07',0);
INSERT INTO `ReferenceGenome` (`referenceGenomeId`, `alias`, `defaultSciName`) VALUES (1,'Unknown',NULL),(2,'Human hg19 random','Homo sapiens'),(3,'Human hg19','Homo sapiens'),(4,'Human hg18 random','Homo sapiens'),(5,'Human hg18','Homo sapiens'),(6,'Mouse mm9','Mus musculus'),(7,'Rat rn4','Rattus norvegicus'),(8,'E. coli DH10B',NULL),(9,'phiX174',NULL),(10,'C. elegans ce6',NULL),(11,'C. pygerythrus',NULL),(12,'Vaccinia JX-594 (OICR)',NULL),(13,'P. falciparum',NULL),(14,'R. sphaeroides',NULL),(15,'S. aureus',NULL),(16,'de novo assembly',NULL),(17,'Special – Look in description',NULL),(18,'Maraba Virus',NULL),(19,'Human hg38','Homo sapiens'),(20,'Mouse mm10','Mus musculus');
INSERT INTO `LibraryDesignCode` (`libraryDesignCodeId`, `code`, `description`, `targetedSequencingRequired`) VALUES (1,'AS','ATAC-Seq',0),(2,'CH','ChIP-Seq',0),(3,'EX','Exome',1),(4,'MR','mRNA',0),(5,'SM','smRNA',0),(6,'TS','Targeted Sequencing',1),(7,'WG','Whole Genome',0),(8,'WT','Whole Transcriptome',0),(16,'TR','Total RNA',0),(17,'BS','Bisulphite Sequencing',1),(18,'NN','Unknown',0),(19,'CT','ctDNA',1),(20,'CM','cfMEDIP',0),(21,'SC','Single Cell',0);
INSERT INTO `LibraryDesign` (`libraryDesignId`, `name`, `sampleClassId`, `librarySelectionType`, `libraryStrategyType`, `libraryDesignCodeId`) VALUES (1,'WG',15,3,1,7),(2,'TS (Hybrid Selection)',15,7,5,6),(3,'TS (PCR)',15,3,5,6),(4,'EX',15,7,20,3),(6,'WT',21,11,19,8),(7,'MR',21,11,19,4),(8,'CH',15,10,8,2),(9,'AS',15,7,15,1),(10,'WG',16,3,1,7),(11,'TS (Hybrid Selection)',16,7,5,6),(12,'TS (PCR)',16,3,5,6),(13,'EX',16,7,20,3),(14,'MR',19,11,19,4),(15,'SM',18,20,19,5),(16,'WT',20,11,19,8),(17,'TR',17,11,19,16),(18,'BS',15,7,20,17),(19,'NN (Unknown)',15,4,15,18),(20,'CT',15,7,20,19),(21,'CM',15,3,1,20),(22,'AS',26,7,15,1),(23,'BS',26,7,20,17),(24,'CH',26,10,8,2),(25,'CM',26,3,1,20),(26,'CT',26,7,20,19),(27,'EX',26,7,20,3),(28,'MR',26,11,19,4),(29,'NN (Unknown)',26,4,15,18),(30,'SM',26,20,19,5),(31,'TR',26,11,19,16),(32,'TS (Hybrid Selection)',26,7,5,6),(33,'TS (PCR)',26,3,5,6),(34,'WG',26,3,1,7),(35,'WT',26,11,19,8),(37,'Single Cell',29,1,19,21),(38,'Single Cell CNV',29,2,1,21),(39,'MR',17,11,19,4),(40,'WT',17,11,19,8),(41,'SM',17,20,19,5);
CALL addKitDescriptor('Agilent SureSelect XT HS', 1, 'None', 1, 'LIBRARY', 'ILLUMINA', 'n/a');
CALL addTargetedSequencing('Agilent SureSelect Human All Exon V6', 'Human all exon V6', 'Agilent SureSelect XT HS', 0);
CALL addInstrument('NB000000', 'ILLUMINA', 'Illumina NextSeq 500', 'NB000000', '2015-01-07', NULL, NULL);
CALL addSequencingParameters('Mid 2x151', 'ILLUMINA', 'Illumina NextSeq 500', 151, 1, 'NS_MID');

