INSERT INTO `User` (`userId`, `active`, `admin`, `external`, `fullName`, `internal`, `loginName`, `password`, `email`)
VALUES (3,1,0,0,'user',1,'user','user','user@user.user');

DELETE FROM `ReferenceGenome`;
INSERT INTO `ReferenceGenome` (`referenceGenomeId`, `alias`) VALUES (1, 'Human hg19 random');
INSERT INTO `ReferenceGenome` (`referenceGenomeId`, `alias`) VALUES (2, 'Human hg19');
INSERT INTO `ReferenceGenome` (`referenceGenomeId`, `alias`) VALUES (3, 'Human hg18 random');

DELETE FROM SampleClass;
INSERT INTO SampleClass (sampleClassId, alias, sampleCategory, suffix, dnaseTreatable, createdBy, creationDate, updatedBy, lastUpdated) VALUES
(1, 'Identity',             'Identity',          NULL,  0, 1, '2017-07-07 16:34:00', 1, '2017-07-07 16:34:00'),
(23, 'Tissue',              'Tissue',            NULL,  0, 1, '2017-07-07 16:34:00', 1, '2017-07-07 16:34:00'),
(24, 'Slide',               'Tissue Processing', 'SL',  0, 1, '2017-07-07 16:34:00', 1, '2017-07-07 16:34:00'),
(10, 'LCM Tube',            'Tissue Processing', 'LCM', 0, 1, '2017-07-07 16:34:00', 1, '2017-07-07 16:34:00'),
(8, 'Curls',                'Tissue Processing', 'C',   0, 1, '2017-07-07 16:34:00', 1, '2017-07-07 16:34:00'),
(11, 'gDNA (stock)',        'Stock',             'D_S', 0, 1, '2017-07-07 16:34:00', 1, '2017-07-07 16:34:00'),
(12, 'gDNA_wga (stock)',    'Stock',             'D_S', 0, 1, '2017-07-07 16:34:00', 1, '2017-07-07 16:34:00'),
(13, 'whole RNA (stock)',   'Stock',             'R_S', 1, 1, '2017-07-07 16:34:00', 1, '2017-07-07 16:34:00'),
(14, 'cDNA (stock)',        'Stock',             'D_S', 0, 1, '2017-07-07 16:34:00', 1, '2017-07-07 16:34:00'),
(15, 'gDNA (aliquot)',      'Aliquot',           'D_',  0, 1, '2017-07-07 16:34:00', 1, '2017-07-07 16:34:00'),
(16, 'gDNA_wga (aliquot)',  'Aliquot',           'D_',  0, 1, '2017-07-07 16:34:00', 1, '2017-07-07 16:34:00'),
(17, 'whole RNA (aliquot)', 'Aliquot',           'R_',  0, 1, '2017-07-07 16:34:00', 1, '2017-07-07 16:34:00'),
(18, 'smRNA',               'Aliquot',           'SM_', 0, 1, '2017-07-07 16:34:00', 1, '2017-07-07 16:34:00'),
(19, 'mRNA',                'Aliquot',           'MR_', 0, 1, '2017-07-07 16:34:00', 1, '2017-07-07 16:34:00'),
(20, 'rRNA_depleted',       'Aliquot',           'WT_', 0, 1, '2017-07-07 16:34:00', 1, '2017-07-07 16:34:00'),
(21, 'cDNA (aliquot)',      'Aliquot',           'D_',  0, 1, '2017-07-07 16:34:00', 1, '2017-07-07 16:34:00');

DELETE FROM SampleValidRelationship;
INSERT INTO SampleValidRelationship (parentId, childId, createdBy, creationDate, updatedBy, lastUpdated, archived) VALUES
( 8, 11, 1, '2017-07-07 16:34:00', 1, '2017-07-07 16:34:00', 0),
(10, 11, 1, '2017-07-07 16:34:00', 1, '2017-07-07 16:34:00', 0),
(10, 13, 1, '2017-07-07 16:34:00', 1, '2017-07-07 16:34:00', 0),
(11, 11, 1, '2017-07-07 16:34:00', 1, '2017-07-07 16:34:00', 0),
(11, 12, 1, '2017-07-07 16:34:00', 1, '2017-07-07 16:34:00', 0),
(11, 15, 1, '2017-07-07 16:34:00', 1, '2017-07-07 16:34:00', 0),
(12, 12, 1, '2017-07-07 16:34:00', 1, '2017-07-07 16:34:00', 0),
(12, 16, 1, '2017-07-07 16:34:00', 1, '2017-07-07 16:34:00', 0),
(13, 13, 1, '2017-07-07 16:34:00', 1, '2017-07-07 16:34:00', 0),
(13, 14, 1, '2017-07-07 16:34:00', 1, '2017-07-07 16:34:00', 0),
(13, 17, 1, '2017-07-07 16:34:00', 1, '2017-07-07 16:34:00', 0),
(14, 14, 1, '2017-07-07 16:34:00', 1, '2017-07-07 16:34:00', 0),
(14, 21, 1, '2017-07-07 16:34:00', 1, '2017-07-07 16:34:00', 0),
(17, 18, 1, '2017-07-07 16:34:00', 1, '2017-07-07 16:34:00', 0),
(17, 19, 1, '2017-07-07 16:34:00', 1, '2017-07-07 16:34:00', 0),
(17, 20, 1, '2017-07-07 16:34:00', 1, '2017-07-07 16:34:00', 0),
(13, 20, 1, '2017-07-07 16:34:00', 1, '2017-07-07 16:34:00', 1),
(13, 18, 1, '2017-07-07 16:34:00', 1, '2017-07-07 16:34:00', 1),
(13, 19, 1, '2017-07-07 16:34:00', 1, '2017-07-07 16:34:00', 1),
(11, 16, 1, '2017-07-07 16:34:00', 1, '2017-07-07 16:34:00', 1),
(13, 21, 1, '2017-07-07 16:34:00', 1, '2017-07-07 16:34:00', 1),
(15, 16, 1, '2017-07-07 16:34:00', 1, '2017-07-07 16:34:00', 1),
(15, 15, 1, '2017-07-07 16:34:00', 1, '2017-07-07 16:34:00', 1),
( 8, 13, 1, '2017-07-07 16:34:00', 1, '2017-07-07 16:34:00', 0),
( 1, 23, 1, '2017-07-07 16:34:00', 1, '2017-07-07 16:34:00', 0),
(23,  8, 1, '2017-07-07 16:34:00', 1, '2017-07-07 16:34:00', 0),
(23, 10, 1, '2017-07-07 16:34:00', 1, '2017-07-07 16:34:00', 1),
(23, 11, 1, '2017-07-07 16:34:00', 1, '2017-07-07 16:34:00', 0),
(23, 12, 1, '2017-07-07 16:34:00', 1, '2017-07-07 16:34:00', 0),
(23, 13, 1, '2017-07-07 16:34:00', 1, '2017-07-07 16:34:00', 0),
(23, 14, 1, '2017-07-07 16:34:00', 1, '2017-07-07 16:34:00', 0),
(23, 23, 1, '2017-07-07 16:34:00', 1, '2017-07-07 16:34:00', 0),
(24, 10, 1, '2017-07-07 16:34:00', 1, '2017-07-07 16:34:00', 0),
(24, 11, 1, '2017-07-07 16:34:00', 1, '2017-07-07 16:34:00', 0),
(24, 13, 1, '2017-07-07 16:34:00', 1, '2017-07-07 16:34:00', 0),
(23, 24, 1, '2017-07-07 16:34:00', 1, '2017-07-07 16:34:00', 0);

DELETE FROM TissueMaterial;
INSERT INTO TissueMaterial(alias, createdBy, creationDate, updatedBy, lastUpdated) VALUES
('Fresh Frozen', 1, '2017-07-07 16:34:00', 1, '2017-07-07 16:34:00'),
('FFPE', 1, '2017-07-07 16:34:00', 1, '2017-07-07 16:34:00'),
('Blood', 1, '2017-07-07 16:34:00', 1, '2017-07-07 16:34:00');

DELETE FROM TissueOrigin;
INSERT INTO TissueOrigin(tissueOriginId, alias, description, createdBy, creationDate, updatedBy, lastUpdated) VALUES
(1, 'Bn', 'Brain', 1, '2017-07-07 16:34:00', 1, '2017-07-07 16:34:00'),
(2, 'Ly', 'Lymphocyte', 1, '2017-07-07 16:34:00', 1, '2017-07-07 16:34:00'),
(3, 'Pa', 'Pancreas', 1, '2017-07-07 16:34:00', 1, '2017-07-07 16:34:00');

DELETE FROM TissueType;
INSERT INTO TissueType(tissueTypeId, alias, description, createdBy, creationDate, updatedBy, lastUpdated) VALUES
(1, 'R','Reference or non-tumour, non-diseased tissue sample. Typically used as a donor-specific comparison to a diseased tissue, usually a cancer',1,'2016-09-26 15:55:43',1,'2016-09-26 15:55:43',),
(2, 'P','Primary tumour',1,'2016-09-26 15:55:43',1,'2016-09-26 15:55:43'),
(3, 'M','Metastatic tumour',1,'2016-09-26 15:55:43',1,'2016-09-26 15:55:43'),
(4, 'X','Xenograft derived from some tumour. Note: may not necessarily be a mouse xenograft',1,'2016-09-26 15:55:43',1,'2016-09-26 15:55:43'),
(5, 'T','Unclassifed tumour',1,'2016-09-26 15:55:43',1,'2016-09-26 15:55:43'),
(6, 'C','Cell line derived from a tumour',1,'2016-09-26 15:55:43',1,'2016-09-26 15:55:43'),
(7, 'B','Benign tumour',1,'2016-09-26 15:55:43',1,'2016-09-26 15:55:43'),
(8, 'F','Fibroblast cells',1,'2016-09-26 15:55:43',1,'2016-09-26 15:55:43'),
(9, 'E','Endothelial cells',1,'2016-09-26 15:55:43',1,'2016-09-26 15:55:43'),
(10, 'S','Serum from blood where clotting proteins have been removed',1,'2016-09-26 15:55:43',1,'2016-09-26 15:55:43'),
(11, 'A','Cells taken from Ascites fluid',1,'2016-09-26 15:55:43',1,'2016-09-26 15:55:43'),
(12, 'O','Organoid',1,'2016-09-26 15:55:43',1,'2016-09-26 15:55:43'),
(13, 'U','Unspecified',1,'2017-03-23 22:01:22',1,'2017-03-23 22:01:22'),
(14, 'n','Unknown',1,'2017-05-29 20:02:03',1,'2017-05-29 20:02:03');

DELETE FROM Institute;
INSERT INTO Institute(instituteId, alias, createdBy, creationDate, updatedBy, lastUpdated) VALUES
(1, 'University Health Network',1,'2017-07-07 16:34:00',1,'2017-07-07 16:34:00');

DELETE FROM Lab;
INSERT INTO Lab(labId, alias, instituteId, createdBy, creationDate, updatedBy, lastUpdated) VALUES
(1, 'BioBank', 1, 1, '2017-07-07 16:34:00', 1, '2017-07-07 16:34:00'),
(2, 'Pathology', 1, 1, '2017-07-07 16:34:00', 1, '2017-07-07 16:34:00');

DELETE FROM Stain;
INSERT INTO Stain (stainId, name, stainCategoryId) VALUES
(1, 'Cresyl Violet', NULL),
(2, 'Hematoxylin+Eosin', NULL);

DELETE FROM SamplePurpose;
INSERT INTO SamplePurpose (samplePurposeId, alias, createdBy, creationDate, updatedBy, lastUpdated) VALUES
(1, 'CNV',1,'2017-07-07 16:34:00',1,'2017-07-07 16:34:00'),
(2, 'Extra',1,'2017-07-07 16:34:00',1,'2017-07-07 16:34:00'),
(3, 'Library',1,'2017-07-07 16:34:00',1,'2017-07-07 16:34:00'),
(4, 'Methylation',1,'2017-07-07 16:34:00',1,'2017-07-07 16:34:00'),
(5, 'PacBio',1,'2017-07-07 16:34:00',1,'2017-07-07 16:34:00'),
(6, 'Research',1,'2017-07-07 16:34:00',1,'2017-07-07 16:34:00'),
(7, 'Sequenom',1,'2017-07-07 16:34:00',1,'2017-07-07 16:34:00'),
(8, 'Stock',1,'2017-07-07 16:34:00',1,'2017-07-07 16:34:00'),
(9, 'Validation',1,'2017-07-07 16:34:00',1,'2017-07-07 16:34:00'),
(10, 'WGA',1,'2017-07-07 16:34:00',1,'2017-07-07 16:34:00'),
(11, 'Ion Torrent',1,'2017-07-07 16:34:00',1,'2017-07-07 16:34:00');

DELETE FROM SamplePurpose;
INSERT INTO SamplePurpose (samplePurposeId, alias, createdBy, creationDate, updatedBy, lastUpdated) VALUES
(1, 'CNV',1,'2017-07-07 16:34:00',1,'2017-07-07 16:34:00'),
(2, 'Extra',1,'2017-07-07 16:34:00',1,'2017-07-07 16:34:00'),
(3, 'Library',1,'2017-07-07 16:34:00',1,'2017-07-07 16:34:00'),
(4, 'Methylation',1,'2017-07-07 16:34:00',1,'2017-07-07 16:34:00'),
(5, 'PacBio',1,'2017-07-07 16:34:00',1,'2017-07-07 16:34:00'),
(6, 'Research',1,'2017-07-07 16:34:00',1,'2017-07-07 16:34:00'),
(7, 'Sequenom',1,'2017-07-07 16:34:00',1,'2017-07-07 16:34:00'),
(8, 'Stock',1,'2017-07-07 16:34:00',1,'2017-07-07 16:34:00'),
(9, 'Validation',1,'2017-07-07 16:34:00',1,'2017-07-07 16:34:00'),
(10, 'WGA',1,'2017-07-07 16:34:00',1,'2017-07-07 16:34:00'),
(11, 'Ion Torrent',1,'2017-07-07 16:34:00',1,'2017-07-07 16:34:00');

DELETE FROM DetailedQcStatus;
INSERT INTO `DetailedQcStatus` (DetailedQcStatusId, status, description, noteRequired, createdBy, creationDate, updatedBy, lastUpdated) VALUES
(1,TRUE,  'Ready',                  0,1,'2016-09-26 15:55:44',1,'2016-09-26 15:55:44'),
(2,TRUE,  'OKd by Collaborator',    1,1,'2016-09-26 15:55:44',1,'2016-09-26 15:55:44'),
(4,NULL,  'Waiting: Path Report',   0,1,'2016-09-26 15:55:44',1,'2016-09-26 15:55:44'),
(5,FALSE, 'Failed: STR',            1,1,'2016-09-26 15:55:44',1,'2016-09-26 15:55:44'),
(6,FALSE, 'Failed: Diagnosis',      1,1,'2016-09-26 15:55:44',1,'2016-09-26 15:55:44'),
(7,FALSE, 'Failed: QC',             0,1,'2016-09-26 15:55:44',1,'2016-09-26 15:55:44'),
(8,NULL,  'Reference Required',     0,1,'2016-09-26 15:55:44',1,'2016-09-26 15:55:44'),
(9,FALSE, 'Refused Consent',        0,1,'2016-09-26 15:55:44',1,'2016-09-26 15:55:44'),
(10,NULL, 'Waiting: Receive Tissue',0,1,'2016-09-26 15:55:46',1,'2016-09-26 15:55:46');

DELETE FROM QCType;
INSERT INTO QCType (name, description, qcTarget, units, archived, precisionAfterDecimal) VALUES
('RIN', 'RIN', 'Sample', ' ', 0, 1),
('DV200', 'DV200', 'Sample', 'percent', 0, 2),
('Tape Station', 'Tape Station', 'Library', 'bp', 0, 2),
('QuBit', 'QuBit', 'Library', 'ng/ul', 0, 2),
('qPCR', 'qPCR', 'Library', 'mol/ul', 0, 2);

DELETE FROM BoxUse;
INSERT INTO BoxUse (alias) VALUES ('DNA'), ('RNA'), ('Libraries'), ('Sequencing'), ('Storage'), ('Tissue');

DELETE FROM `_Group`;
INSERT INTO `_Group` (description, name) VALUES
('TestGroup1', 'TestGroup1'), ('TestGroup2', 'TestGroup2');

INSERT INTO `User_Group` (`users_userId`, `groups_groupId`)
VALUES (3,1),(3,2),(1,1);

DELETE FROM `SecurityProfile`;
DELETE FROM `SecurityProfile_ReadGroup`;
DELETE FROM `SecurityProfile_WriteGroup`;
DELETE FROM `SecurityProfile_ReadUser`;
DELETE FROM `SecurityProfile_WriteUser`;
INSERT INTO `SecurityProfile`(`profileId`, `allowAllInternal`, `owner_userId`) 
VALUES (1,1,1),(2,1,1),(3,1,1),(4,1,1),(5,1,1),(6,1,1),(7,1,1),(8,1,1),(9,1,1),(10,1,1),(11,1,1),(12,1,NULL),(13,1,NULL),(14,1,NULL),(15,1,NULL);

INSERT INTO SecurityProfile_ReadUser(SecurityProfile_profileId, readUser_userId) VALUES (1, 1);
INSERT INTO SecurityProfile_WriteUser(SecurityProfile_profileId, writeUser_userId) VALUES (2, 1);
INSERT INTO SecurityProfile_ReadGroup(SecurityProfile_profileId, readGroup_groupId) VALUES (3, 2);
INSERT INTO SecurityProfile_WriteGroup(SecurityProfile_profileId, writeGroup_groupId) VALUES (4, 2);

DELETE FROM ProjectOverview;
DELETE FROM Project;
INSERT INTO Project(projectId, name, alias, shortName, creationDate, description, securityProfile_profileId,
  progress, referenceGenomeId, lastUpdated) VALUES
  (1, 'PRO1', 'Project One', 'PRO1', '2017-06-27', 'integration test project one', 1, 'ACTIVE', 1, '2017-06-27 14:11:00'),
  (2, 'PRO2', 'Project Two', 'PRO2', '2017-07-20', 'integration test project for custom identities', 2, 'ACTIVE', 1, '2017-07-20 16:55:00'),
  (3, 'PRO3', 'Test Data', 'TEST', '2017-06-27', 'integration test project three', 2, 'ACTIVE', 1, '2017-06-27 14:12:00');

  INSERT INTO Sample (sampleId, name, alias, description, securityProfile_profileId, identificationBarcode, sampleType, receivedDate, project_projectId,
scientificName, volume, qcPassed, lastModifier, creator, created, lastModified) VALUES
(1, 'SAM1', 'TEST_0001', 'Identity', 2, '11111', 'GENOMIC', NULL, 3, 'Homo sapiens', NULL, 1, 1, 1, '2017-07-20 09:00:00', '2017-07-20 09:00:00'),
(2, 'SAM2', 'TEST_0001_Bn_R_nn_1-1', 'Tissue', 2, '22222', 'GENOMIC', '2017-07-20', 3, 'Homo sapiens', 30, 1, 1, 1, '2017-07-20 09:01:00', '2017-07-20 09:01:00'),
(3, 'SAM3', 'TEST_0001_Bn_R_nn_1-1_SL01', 'Slide', 2, '33333', 'GENOMIC', NULL, 3, 'Homo sapiens', NULL, 1, 1, 1, '2017-07-20 09:01:00', '2017-07-20 09:01:00'),
(4, 'SAM4', 'TEST_0001_Bn_R_nn_1-1_C01', 'Curls', 2, '44444', 'GENOMIC', NULL, 3, 'Homo sapiens', NULL, 1, 1, 1, '2017-07-20 09:01:00', '2017-07-20 09:01:00'),
(5, 'SAM5', 'TEST_0001_Bn_R_nn_1-1_LCM01', 'LCM Tube', 2, '55555', 'GENOMIC', NULL, 3, 'Homo sapiens', NULL, 1, 1, 1, '2017-07-20 09:01:00', '2017-07-20 09:01:00'),
(6, 'SAM6', 'TEST_0001_Bn_R_nn_1-1_D_S1', 'gDNA stock', 2, '66666', 'GENOMIC', NULL, 3, 'Homo sapiens', NULL, 1, 1, 1, '2017-07-20 09:01:00', '2017-07-20 09:01:00'),
(7, 'SAM7', 'TEST_0001_Bn_R_nn_1-1_R_S1', 'whole RNA stock', 2, '77777', 'GENOMIC', NULL, 3, 'Homo sapiens', NULL, 1, 1, 1, '2017-07-20 09:01:00', '2017-07-20 09:01:00'),
(8, 'SAM8', 'TEST_0001_Bn_R_nn_1-1_D_1', 'gDNA aliquot', 2, '88888', 'GENOMIC', NULL, 3, 'Homo sapiens', NULL, 1, 1, 1, '2017-07-20 09:01:00', '2017-07-20 09:01:00'),
(9, 'SAM9', 'TEST_0001_Bn_R_nn_1-1_R_1', 'whole RNA aliquot', 2, '99999', 'GENOMIC', NULL, 3, 'Homo sapiens', NULL, 1, 1, 1, '2017-07-20 09:01:00', '2017-07-20 09:01:00'),
(10, 'SAM10', 'TEST_0001_Bn_R_nn_1-1_D_S2', 'cDNA stock', 2, '10101', 'GENOMIC', NULL, 3, 'Homo sapiens', NULL, 1, 1, 1, '2017-07-20 09:01:00', '2017-07-20 09:01:00'),
(11, 'SAM11', 'TEST_0001_Bn_R_nn_1-1_D_2', 'cDNA aliquot', 2, '11011', 'GENOMIC', NULL, 3, 'Homo sapiens', NULL, 1, 1, 1, '2017-07-20 09:01:00', '2017-07-20 09:01:00'),
(12, 'SAM12', 'TEST_0001_Bn_R_nn_1-1_R_1_SM_1', 'smRNA', 2, '12121', 'GENOMIC', NULL, 3, 'Homo sapiens', NULL, 1, 1, 1, '2017-07-20 09:01:00', '2017-07-20 09:01:00'),
(13, 'SAM13', 'TEST_0001_Bn_R_nn_1-1_R_1_MR_1', 'mRNA', 2, '13131', 'GENOMIC', NULL, 3, 'Homo sapiens', NULL, 1, 1, 1, '2017-07-20 09:01:00', '2017-07-20 09:01:00'),
(14, 'SAM14', 'TEST_0001_Bn_R_nn_1-1_R_1_WT_1', 'rRNA_depleted', 2, '14141', 'GENOMIC', NULL, 3, 'Homo sapiens', NULL, 1, 1, 1, '2017-07-20 09:01:00', '2017-07-20 09:01:00');

INSERT INTO DetailedSample (sampleId, sampleClassId, parentId, siblingNumber, groupId, groupDescription, detailedQcStatusId, detailedQcStatusNote, concentration) VALUES
(1, 1, NULL, NULL, NULL, NULL, 1, NULL, NULL),
(2, 23, 1, NULL, '7357', 'TEST', 1, NULL, NULL),
(3, 24, 2, 1, '7357', 'TEST', 1, NULL, NULL),
(4, 8, 2, 1, '7357', 'TEST', 1, NULL, NULL),
(5, 10, 3, 1, '7357', 'TEST', 1, NULL, NULL),
(6, 11, 5, 1, '7357', 'TEST', 1, NULL, NULL),
(7, 13, 2, 1, '7357', 'TEST', 1, NULL, NULL),
(8, 15, 6, 1, '7357', 'TEST', 1, NULL, NULL),
(9, 17, 7, 1, '7357', 'TEST', 1, NULL, NULL),
(10, 14, 7, 2, '7357', 'TEST', 1, NULL, NULL),
(11, 21, 10, 2, '7357', 'TEST', 1, NULL, NULL),
(12, 18, 9, 1, '7357', 'TEST', 1, NULL, NULL),
(13, 19, 9, 1, '7357', 'TEST', 1, NULL, NULL),
(14, 20, 9, 1, '7357', 'TEST', 1, NULL, NULL);

INSERT INTO Identity (sampleId, externalName, donorSex) VALUES
(1, 'TEST_external_1', 'MALE');

INSERT INTO `SampleTissue` (sampleId, tissueOriginId, tissueTypeId, externalInstituteIdentifier, labId, region, passageNumber, tubeNumber, timesReceived, tissueMaterialId) VALUES
(2, 1, 1, 'tube 1', 2, 'cortex', NULL, 1, 1, 2);

INSERT INTO SampleTissueProcessing(sampleId) VALUES
(3),(4),(5);

INSERT INTO `SampleSlide` (sampleId, slides) VALUES
(3, 15);

INSERT INTO `SampleLCMTube` (sampleId, slidesConsumed) VALUES
(5, 10);

INSERT INTO `SampleStock` (sampleId, strStatus, dnaseTreated) VALUES
(6, 'SUBMITTED', 0),
(7, 'NOT_SUBMITTED', 0),
(10, 'PASS', 0);

INSERT INTO `SampleAliquot` (sampleId, samplePurposeId) VALUES
(8, 9),
(9, 3),
(11, 4),
(12, 6),
(13, 7),
(14, 3);